recpnopre,cnt_prefix,receiptno,recptdate,recpttime,amount,coursefees,admnfees,prospectus,batchchang,fine_amt,fine_days,instalment,reg_no,recpt_type,pay_mode,dd_no,dd_dt,draw_bank,remarks,lateral,centre_Id,session,ses_half,FrontLine,USER,Deleted,DD_NO_2
Prs,,1.0,01/01/2021,12:00,515.0,400.0,100.0,15.0,,,,A,YS-N24/65-6500001/2021,A,CASH,,,,,,N24,65,A,,saheli,,0
Prs,,2.0,01/01/2021,13:20,515.0,400.0,100.0,15.0,,,,A,YS-N24/65-6500002/2021,A,CASH,,,,,,N24,65,A,,saheli,,0
Prs,,3.0,01/01/2021,15:44,515.0,400.0,100.0,15.0,,,,A,YS-N24/65-6500003/2021,A,CASH,,,,,,N24,65,A,,saheli,,0
Prs,,4.0,02/01/2021,12:20,515.0,400.0,100.0,15.0,,,,A,YS-N24/65-6500004/2021,A,CASH,,,,,,N24,65,A,,saheli,,0
Prs,,5.0,04/01/2021,12:00,515.0,400.0,100.0,15.0,,,,A,YS-N24/65-6500005/2021,A,CASH,,,,,,N24,65,A,,saheli,,0
Prs,,6.0,04/01/2021,13:05,515.0,400.0,100.0,15.0,,,,A,YS-N24/65-6500006/2021,A,CASH,,,,,,N24,65,A,,saheli,,0
Prs,,7.0,04/01/2021,13:08,515.0,400.0,100.0,15.0,,,,A,YS-N24/65-6500007/2021,A,CASH,,,,,,N24,65,A,,saheli,,0
Prs,,8.0,05/01/2021,11:29,515.0,400.0,100.0,15.0,,,,A,YS-N24/65-6500008/2021,A,CASH,,,,,,N24,65,A,,saheli,,0
Prs,,9.0,05/01/2021,13:15,515.0,400.0,100.0,15.0,,,,A,YS-N24/65-6500009/2021,A,CASH,,,,,,N24,65,A,,saheli,,0
Prs,,10.0,05/01/2021,13:37,515.0,400.0,100.0,15.0,,,,A,YS-N24/65-6500010/2021,A,CASH,,,,,,N24,65,A,,saheli,,0
Prs,,11.0,06/01/2021,11:25,515.0,400.0,100.0,15.0,,,,A,YS-N24/65-6500011/2021,A,CASH,,,,,,N24,65,A,,saheli,,0
Prs,,12.0,06/01/2021,11:46,515.0,400.0,100.0,15.0,,,,A,YS-N24/65-6500012/2021,A,CASH,,,,,,N24,65,A,,saheli,,0
Prs,,13.0,06/01/2021,12:13,515.0,400.0,100.0,15.0,,,,A,YS-N24/65-6500013/2021,A,CASH,,,,,,N24,65,A,,saheli,,0
Prs,,14.0,06/01/2021,17:48,515.0,400.0,100.0,15.0,,,,A,YS-N24/65-6500014/2021,A,CASH,,,,,,N24,65,A,,saheli,,0
Prs,,15.0,07/01/2021,11:37,515.0,400.0,100.0,15.0,,,,A,YS-N24/65-6500015/2021,A,CASH,,,,,,N24,65,A,,saheli,,0
Prs,,16.0,07/01/2021,11:40,515.0,400.0,100.0,15.0,,,,A,YS-N24/65-6500016/2021,A,CASH,,,,,,N24,65,A,,saheli,,0
Prs,,17.0,07/01/2021,11:55,515.0,400.0,100.0,15.0,,,,A,YS-N24/65-6500017/2021,A,CASH,,,,,,N24,65,A,,saheli,,0
Prs,,18.0,07/01/2021,12:01,515.0,400.0,100.0,15.0,,,,A,YS-N24/65-6500018/2021,A,CASH,,,,,,N24,65,A,,saheli,,0
Prs,,19.0,07/01/2021,12:55,515.0,400.0,100.0,15.0,,,,A,YS-N24/65-6500019/2021,A,CASH,,,,,,N24,65,A,,saheli,,0
Prs,,20.0,07/01/2021,13:00,515.0,400.0,100.0,15.0,,,,A,YS-N24/65-6500020/2021,A,CASH,,,,,,N24,65,A,,saheli,,0
Prs,,21.0,07/01/2021,13:04,515.0,400.0,100.0,15.0,,,,A,YS-N24/65-6500021/2021,A,CASH,,,,,,N24,65,A,,saheli,,0
Prs,,22.0,07/01/2021,13:20,515.0,400.0,100.0,15.0,,,,A,YS-N24/65-6500022/2021,A,CASH,,,,,,N24,65,A,,saheli,,0
Prs,,23.0,07/01/2021,13:41,515.0,400.0,100.0,15.0,,,,A,YS-N24/65-6500023/2021,A,CASH,,,,,,N24,65,A,,saheli,,0
Prs,,24.0,07/01/2021,15:22,515.0,400.0,100.0,15.0,,,,A,YS-N24/65-6500024/2021,A,CASH,,,,,,N24,65,A,,saheli,,0
Prs,,25.0,08/01/2021,12:21,515.0,400.0,100.0,15.0,,,,A,YS-N24/65-6500025/2021,A,CASH,,,,,,N24,65,A,,saheli,,0
Prs,,26.0,08/01/2021,13:26,515.0,400.0,100.0,15.0,,,,A,YS-N24/65-6500026/2021,A,CASH,,,,,,N24,65,A,,saheli,,0
Prs,,27.0,09/01/2021,12:33,515.0,400.0,100.0,15.0,,,,A,YS-N24/65-6500027/2021,A,CASH,,,,,,N24,65,A,,saheli,,0
Prs,,28.0,09/01/2021,12:36,515.0,400.0,100.0,15.0,,,,A,YS-N24/65-6500028/2021,A,CASH,,,,,,N24,65,A,,saheli,,0
Prs,,29.0,11/01/2021,12:48,15.0,,,15.0,,,,,,P,CASH,,,,,,N24,65,A,,saheli,,
Prs,,30.0,11/01/2021,12:49,15.0,,,15.0,,,,,,P,CASH,,,,,,N24,65,A,,saheli,,
Prs,,31.0,11/01/2021,14:40,15.0,,,15.0,,,,,,P,CASH,,,,,,N24,65,A,,saheli,,
Prs,,32.0,11/01/2021,14:41,15.0,,,15.0,,,,,,P,CASH,,,,,,N24,65,A,,saheli,,
Prs,,33.0,11/01/2021,14:42,15.0,,,15.0,,,,,,P,CASH,,,,,,N24,65,A,,saheli,,
Prs,,34.0,11/01/2021,16:34,515.0,400.0,100.0,15.0,,,,A,YS-N24/65-6500029/2021,A,CASH,,,,,,N24,65,A,,saheli,,0
,,35.0,13/01/2021,13:28,500.0,400.0,100.0,,,,,A,YS-N24/65-6500030/2021,A,CASH,,,,,,N24,65,A,,saheli,,0
,,36.0,13/01/2021,13:36,500.0,400.0,100.0,,,,,A,YS-N24/65-6500031/2021,A,CASH,,,,,,N24,65,A,,saheli,,0
Prs,,37.0,13/01/2021,13:57,15.0,,,15.0,,,,,,P,CASH,,,,,,N24,65,A,,saheli,,
Prs,,38.0,13/01/2021,13:58,15.0,,,15.0,,,,,,P,CASH,,,,,,N24,65,A,,saheli,,
Prs,,39.0,13/01/2021,14:06,515.0,400.0,100.0,15.0,,,,A,YS-N24/65-6500032/2021,A,CASH,,,,,,N24,65,A,,saheli,,0
Prs,,40.0,13/01/2021,14:36,515.0,400.0,100.0,15.0,,,,A,YS-N24/65-6500033/2021,A,CASH,,,,,,N24,65,A,,saheli,,0
Prs,,41.0,13/01/2021,16:20,515.0,400.0,100.0,15.0,,,,A,YS-N24/65-6500034/2021,A,CASH,,,,,,N24,65,A,,saheli,,0
Prs,,42.0,14/01/2021,10:34,515.0,400.0,100.0,15.0,,,,A,YS-N24/65-6500035/2021,A,CASH,,,,,,N24,65,A,,saheli,,0
Prs,,43.0,14/01/2021,11:16,515.0,400.0,100.0,15.0,,,,A,YS-N24/65-6500036/2021,A,CASH,,,,,,N24,65,A,,saheli,,0
Prs,,44.0,14/01/2021,12:23,515.0,400.0,100.0,15.0,,,,A,YS-N24/65-6500037/2021,A,CASH,,,,,,N24,65,A,,saheli,,0
Prs,,45.0,14/01/2021,12:48,515.0,400.0,100.0,15.0,,,,A,YS-N24/65-6500038/2021,A,CASH,,,,,,N24,65,A,,saheli,,0
Prs,,46.0,14/01/2021,12:53,515.0,400.0,100.0,15.0,,,,A,YS-N24/65-6500039/2021,A,CASH,,,,,,N24,65,A,,saheli,,0
Prs,,47.0,14/01/2021,14:41,515.0,400.0,100.0,15.0,,,,A,YS-N24/65-6500040/2021,A,CASH,,,,,,N24,65,A,,saheli,,0
,,48.0,14/01/2021,15:16,500.0,400.0,100.0,,,,,A,YS-N24/65-6500041/2021,A,CASH,,,,,,N24,65,A,,saheli,,0
,,49.0,14/01/2021,15:22,500.0,400.0,100.0,,,,,A,YS-N24/65-6500042/2021,A,CASH,,,,,,N24,65,A,,saheli,,0
Prs,,50.0,14/01/2021,17:08,515.0,400.0,100.0,15.0,,,,A,YS-N24/65-6500043/2021,A,CASH,,,,,,N24,65,A,,saheli,,0
Prs,,51.0,15/01/2021,10:47,515.0,400.0,100.0,15.0,,,,A,YS-N24/65-6500044/2021,A,CASH,,,,,,N24,65,A,,saheli,,0
Prs,,52.0,15/01/2021,10:50,515.0,400.0,100.0,15.0,,,,A,YS-N24/65-6500045/2021,A,CASH,,,,,,N24,65,A,,saheli,,0
Prs,,53.0,15/01/2021,14:22,515.0,400.0,100.0,15.0,,,,A,YS-N24/65-6500046/2021,A,CASH,,,,,,N24,65,A,,saheli,,0
Prs,,54.0,15/01/2021,14:49,515.0,400.0,100.0,15.0,,,,A,YS-N24/65-6500047/2021,A,CASH,,,,,,N24,65,A,,saheli,,0
Prs,,55.0,15/01/2021,16:04,515.0,400.0,100.0,15.0,,,,A,YS-N24/65-6500048/2021,A,CASH,,,,,,N24,65,A,,saheli,,0
Prs,,56.0,15/01/2021,16:15,515.0,400.0,100.0,15.0,,,,A,YS-N24/65-6500049/2021,A,CASH,,,,,,N24,65,A,,saheli,,0
Prs,,57.0,16/01/2021,12:49,515.0,400.0,100.0,15.0,,,,A,YS-N24/65-6500050/2021,A,CASH,,,,,,N24,65,A,,saheli,,0
Prs,,58.0,16/01/2021,12:55,515.0,400.0,100.0,15.0,,,,A,YS-N24/65-6500051/2021,A,CASH,,,,,,N24,65,A,,saheli,,0
Prs,,59.0,16/01/2021,13:01,515.0,400.0,100.0,15.0,,,,A,YS-N24/65-6500052/2021,A,CASH,,,,,,N24,65,A,,saheli,,0
Prs,,60.0,16/01/2021,13:07,515.0,400.0,100.0,15.0,,,,A,YS-N24/65-6500053/2021,A,CASH,,,,,,N24,65,A,,saheli,,0
Prs,,61.0,16/01/2021,13:35,515.0,400.0,100.0,15.0,,,,A,YS-N24/65-6500054/2021,A,CASH,,,,,,N24,65,A,,saheli,,0
Prs,,62.0,16/01/2021,15:37,515.0,400.0,100.0,15.0,,,,A,YS-N24/65-6500055/2021,A,CASH,,,,,,N24,65,A,,saheli,,0
Prs,,63.0,18/01/2021,13:50,515.0,400.0,100.0,15.0,,,,A,YS-N24/65-6500056/2021,A,CASH,,,,,,N24,65,A,,saheli,,0
Prs,,64.0,19/01/2021,13:26,515.0,400.0,100.0,15.0,,,,A,YS-N24/65-6500057/2021,A,CASH,,,,,,N24,65,A,,saheli,,0
Prs,,65.0,19/01/2021,14:17,515.0,400.0,100.0,15.0,,,,A,YS-N24/65-6500058/2021,A,CASH,,,,,,N24,65,A,,saheli,,0
Prs,,66.0,19/01/2021,18:00,515.0,400.0,100.0,15.0,,,,A,YS-N24/65-6500059/2021,A,CASH,,,,,,N24,65,A,,cic,,0
Prs,,67.0,20/01/2021,12:00,515.0,400.0,100.0,15.0,,,,A,YS-N24/65-6500060/2021,A,CASH,,,,,,N24,65,A,,saheli,,0
Prs,,68.0,20/01/2021,12:07,515.0,400.0,100.0,15.0,,,,A,YS-N24/65-6500061/2021,A,CASH,,,,,,N24,65,A,,saheli,,0
Prs,,69.0,20/01/2021,12:18,515.0,400.0,100.0,15.0,,,,A,YS-N24/65-6500062/2021,A,CASH,,,,,,N24,65,A,,saheli,,0
Prs,,70.0,20/01/2021,17:04,515.0,400.0,100.0,15.0,,,,A,YS-N24/65-6500063/2021,A,CASH,,,,,,N24,65,A,,saheli,,0
Prs,,71.0,20/01/2021,17:09,515.0,400.0,100.0,15.0,,,,A,YS-N24/65-6500064/2021,A,CASH,,,,,,N24,65,A,,saheli,,0
,,72.0,21/01/2021,12:49,500.0,400.0,100.0,,,,,A,YS-N24/65-6500065/2021,A,CASH,,,,,,N24,65,A,,saheli,,0
Prs,,73.0,21/01/2021,12:58,515.0,400.0,100.0,15.0,,,,A,YS-N24/65-6500066/2021,A,CASH,,,,,,N24,65,A,,saheli,,0
Prs,,74.0,21/01/2021,13:05,515.0,400.0,100.0,15.0,,,,A,YS-N24/65-6500067/2021,A,CASH,,,,,,N24,65,A,,saheli,,0
Prs,,75.0,21/01/2021,13:41,515.0,400.0,100.0,15.0,,,,A,YS-N24/65-6500068/2021,A,CASH,,,,,,N24,65,A,,saheli,,0
Prs,,76.0,21/01/2021,16:17,515.0,400.0,100.0,15.0,,,,A,YS-N24/65-6500069/2021,A,CASH,,,,,,N24,65,A,,saheli,,0
Prs,,77.0,22/01/2021,14:40,515.0,400.0,100.0,15.0,,,,A,YS-N24/65-6500070/2021,A,CASH,,,,,,N24,65,A,,saheli,,0
Prs,,78.0,22/01/2021,14:43,515.0,400.0,100.0,15.0,,,,A,YS-N24/65-6500071/2021,A,CASH,,,,,,N24,65,A,,saheli,,0
Prs,,79.0,22/01/2021,14:49,515.0,400.0,100.0,15.0,,,,A,YS-N24/65-6500072/2021,A,CASH,,,,,,N24,65,A,,saheli,,0
Prs,,80.0,22/01/2021,14:51,515.0,400.0,100.0,15.0,,,,A,YS-N24/65-6500073/2021,A,CASH,,,,,,N24,65,A,,saheli,,0
Prs,,81.0,22/01/2021,14:55,515.0,400.0,100.0,15.0,,,,A,YS-N24/65-6500074/2021,A,CASH,,,,,,N24,65,A,,saheli,,0
Prs,,82.0,22/01/2021,15:18,515.0,400.0,100.0,15.0,,,,A,YS-N24/65-6500075/2021,A,CASH,,,,,,N24,65,A,,saheli,,0
Prs,,83.0,25/01/2021,14:48,515.0,400.0,100.0,15.0,,,,A,YS-N24/65-6500076/2021,A,CASH,,,,,,N24,65,A,,saheli,,0
Prs,,84.0,25/01/2021,14:50,515.0,400.0,100.0,15.0,,,,A,YS-N24/65-6500077/2021,A,CASH,,,,,,N24,65,A,,saheli,,0
Prs,,85.0,25/01/2021,16:02,515.0,400.0,100.0,15.0,,,,A,YS-N24/65-6500078/2021,A,CASH,,,,,,N24,65,A,,saheli,,0
Prs,,86.0,25/01/2021,16:24,515.0,400.0,100.0,15.0,,,,A,YS-N24/65-6500079/2021,A,CASH,,,,,,N24,65,A,,saheli,,0
Prs,,87.0,25/01/2021,17:19,515.0,400.0,100.0,15.0,,,,A,YS-N24/65-6500080/2021,A,CASH,,,,,,N24,65,A,,saheli,,0
Prs,,88.0,25/01/2021,17:31,515.0,400.0,100.0,15.0,,,,A,YS-N24/65-6500081/2021,A,CASH,,,,,,N24,65,A,,saheli,,0
Prs,,89.0,25/01/2021,17:37,515.0,400.0,100.0,15.0,,,,A,YS-N24/65-6500082/2021,A,CASH,,,,,,N24,65,A,,saheli,,0
Prs,,90.0,27/01/2021,14:22,515.0,400.0,100.0,15.0,,,,A,YS-N24/65-6500083/2021,A,CASH,,,,,,N24,65,A,,saheli,,0
Prs,,91.0,27/01/2021,14:29,515.0,400.0,100.0,15.0,,,,A,YS-N24/65-6500084/2021,A,CASH,,,,,,N24,65,A,,saheli,,0
Prs,,92.0,28/01/2021,13:34,515.0,400.0,100.0,15.0,,,,A,YS-N24/65-6500085/2021,A,CASH,,,,,,N24,65,A,,saheli,,0
Prs,,93.0,28/01/2021,13:42,515.0,400.0,100.0,15.0,,,,A,YS-N24/65-6500086/2021,A,CASH,,,,,,N24,65,A,,saheli,,0
Prs,,94.0,28/01/2021,16:47,515.0,400.0,100.0,15.0,,,,A,YS-N24/65-6500087/2021,A,CASH,,,,,,N24,65,A,,saheli,,0
Prs,,95.0,28/01/2021,16:50,515.0,400.0,100.0,15.0,,,,A,YS-N24/65-6500088/2021,A,CASH,,,,,,N24,65,A,,saheli,,0
Prs,,96.0,28/01/2021,16:52,515.0,400.0,100.0,15.0,,,,A,YS-N24/65-6500089/2021,A,CASH,,,,,,N24,65,A,,saheli,,0
Prs,,97.0,29/01/2021,11:08,515.0,400.0,100.0,15.0,,,,A,YS-N24/65-6500090/2021,A,CASH,,,,,,N24,65,A,,saheli,,0
,,98.0,29/01/2021,11:09,500.0,500.0,,,,0.0,0.0,1,YS-N24/65-6500090/2021,I,CASH,,,,,,N24,65,A,,saheli,,
Prs,,99.0,29/01/2021,12:44,515.0,400.0,100.0,15.0,,,,A,YS-N24/65-6500091/2021,A,CASH,,,,,,N24,65,A,,saheli,,0
Prs,,100.0,29/01/2021,13:44,515.0,400.0,100.0,15.0,,,,A,YS-N24/65-6500092/2021,A,CASH,,,,,,N24,65,A,,saheli,,0
,,101.0,29/01/2021,14:16,500.0,500.0,,,,0.0,0.0,1,YS-N24/65-6500059/2021,I,CASH,,,,,,N24,65,A,,saheli,,
Prs,,102.0,30/01/2021,17:28,515.0,400.0,100.0,15.0,,,,A,YS-N24/65-6500093/2021,A,CASH,,,,,,N24,65,A,,saheli,,0
Prs,,103.0,01/02/2021,12:30,515.0,400.0,100.0,15.0,,,,A,YS-N24/65-6500094/2021,A,CASH,,,,,,N24,65,A,,saheli,,0
,,104.0,01/02/2021,12:32,500.0,500.0,,,,0.0,0.0,1,YS-N24/65-6500094/2021,I,CASH,,,,,,N24,65,A,,saheli,,
Prs,,105.0,01/02/2021,13:06,515.0,400.0,100.0,15.0,,,,A,YS-N24/65-6500095/2021,A,CASH,,,,,,N24,65,A,,saheli,,0
,,106.0,01/02/2021,13:07,500.0,500.0,,,,0.0,0.0,1,YS-N24/65-6500095/2021,I,CASH,,,,,,N24,65,A,,saheli,,
Prs,,107.0,01/02/2021,13:09,515.0,400.0,100.0,15.0,,,,A,YS-N24/65-6500096/2021,A,CASH,,,,,,N24,65,A,,saheli,,0
,,108.0,01/02/2021,13:10,500.0,500.0,,,,0.0,0.0,1,YS-N24/65-6500096/2021,I,CASH,,,,,,N24,65,A,,saheli,,
,,109.0,01/02/2021,15:49,500.0,500.0,,,,0.0,0.0,1,YS-N24/65-6500029/2021,I,CASH,,,,,,N24,65,A,,saheli,,
Prs,,110.0,01/02/2021,16:25,515.0,400.0,100.0,15.0,,,,A,YS-N24/65-6500097/2021,A,CASH,,,,,,N24,65,A,,saheli,,0
Prs,,111.0,02/02/2021,12:47,515.0,400.0,100.0,15.0,,,,A,YS-N24/65-6500098/2021,A,CASH,,,,,,N24,65,A,,saheli,,0
,,112.0,02/02/2021,12:48,500.0,500.0,,,,0.0,0.0,1,YS-N24/65-6500098/2021,I,CASH,,,,,,N24,65,A,,saheli,,
,,113.0,02/02/2021,14:13,500.0,500.0,,,,0.0,0.0,1,YS-N24/65-6500089/2021,I,CASH,,,,,,N24,65,A,,saheli,,
Prs,,114.0,02/02/2021,14:41,515.0,400.0,100.0,15.0,,,,A,YS-N24/65-6500099/2021,A,CASH,,,,,,N24,65,A,,saheli,,0
Prs,,115.0,02/02/2021,16:59,515.0,400.0,100.0,15.0,,,,A,YS-N24/65-6500100/2021,A,CASH,,,,,,N24,65,A,,saheli,,0
,,116.0,03/02/2021,10:20,500.0,500.0,,,,0.0,0.0,1,YS-N24/65-6500030/2021,I,CASH,,,,,,N24,65,A,,saheli,,
,,117.0,03/02/2021,11:50,500.0,500.0,,,,0.0,0.0,1,YS-N24/65-6500068/2021,I,CASH,,,,,,N24,65,A,,saheli,,
,,118.0,03/02/2021,11:51,500.0,500.0,,,,0.0,0.0,1,YS-N24/65-6500013/2021,I,CASH,,,,,,N24,65,A,,saheli,,
Prs,,119.0,03/02/2021,12:40,515.0,400.0,100.0,15.0,,,,A,YS-N24/65-6500101/2021,A,CASH,,,,,,N24,65,A,,saheli,,0
Prs,,120.0,03/02/2021,14:42,515.0,400.0,100.0,15.0,,,,A,YS-N24/65-6500102/2021,A,CASH,,,,,,N24,65,A,,saheli,,0
,,121.0,03/02/2021,14:43,500.0,500.0,,,,0.0,0.0,1,YS-N24/65-6500102/2021,I,CASH,,,,,,N24,65,A,,saheli,,
Prs,,122.0,03/02/2021,16:08,515.0,400.0,100.0,15.0,,,,A,YS-N24/65-6500103/2021,A,CASH,,,,,,N24,65,A,,saheli,,0
,,123.0,03/02/2021,16:09,500.0,500.0,,,,0.0,0.0,1,YS-N24/65-6500103/2021,I,CASH,,,,,,N24,65,A,,saheli,,
Prs,,124.0,03/02/2021,16:10,515.0,400.0,100.0,15.0,,,,A,YS-N24/65-6500104/2021,A,CASH,,,,,,N24,65,A,,saheli,,0
,,125.0,03/02/2021,16:11,500.0,500.0,,,,0.0,0.0,1,YS-N24/65-6500104/2021,I,CASH,,,,,,N24,65,A,,saheli,,
Prs,,126.0,03/02/2021,16:24,515.0,400.0,100.0,15.0,,,,A,YS-N24/65-6500105/2021,A,CASH,,,,,,N24,65,A,,saheli,,0
Prs,,127.0,03/02/2021,17:01,515.0,400.0,100.0,15.0,,,,A,YS-N24/65-6500106/2021,A,CASH,,,,,,N24,65,A,,saheli,,0
,,128.0,03/02/2021,17:02,500.0,500.0,,,,0.0,0.0,1,YS-N24/65-6500106/2021,I,CASH,,,,,,N24,65,A,,saheli,,
Prs,,129.0,04/02/2021,12:35,515.0,400.0,100.0,15.0,,,,A,YS-N24/65-6500107/2021,A,CASH,,,,,,N24,65,A,,saheli,,0
Prs,,130.0,04/02/2021,12:39,515.0,400.0,100.0,15.0,,,,A,YS-N24/65-6500108/2021,A,CASH,,,,,,N24,65,A,,saheli,,0
Prs,,131.0,04/02/2021,14:19,15.0,,,15.0,,,,,,P,CASH,,,,,,N24,65,A,,saheli,,
,,132.0,04/02/2021,15:49,500.0,500.0,,,,0.0,0.0,1,YS-N24/65-6500003/2021,I,CASH,,,,,,N24,65,A,,saheli,,
,,133.0,04/02/2021,15:50,500.0,500.0,,,,0.0,0.0,1,YS-N24/65-6500043/2021,I,CASH,,,,,,N24,65,A,,saheli,,
,,134.0,04/02/2021,16:05,500.0,500.0,,,,0.0,0.0,1,YS-N24/65-6500001/2021,I,CASH,,,,,,N24,65,A,,saheli,,
Prs,,135.0,04/02/2021,16:09,515.0,400.0,100.0,15.0,,,,A,YS-N24/65-6500109/2021,A,CASH,,,,,,N24,65,A,,saheli,,0
,,136.0,04/02/2021,16:11,500.0,500.0,,,,0.0,0.0,1,YS-N24/65-6500101/2021,I,CASH,,,,,,N24,65,A,,saheli,,
,,137.0,04/02/2021,16:14,500.0,500.0,,,,0.0,0.0,1,YS-N24/65-6500038/2021,I,CASH,,,,,,N24,65,A,,saheli,,
,,155.0,05/02/2021,14:19,500.0,500.0,,,,0.0,0.0,1,YS-N24/65-6500115/2021,I,CASH,,,,,,N24,65,A,,saheli,,
Prs,,156.0,05/02/2021,16:52,515.0,400.0,100.0,15.0,,,,A,YS-N24/65-6500116/2021,A,CASH,,,,,,N24,65,A,,saheli,,0
Prs,,157.0,06/02/2021,10:24,515.0,400.0,100.0,15.0,,,,A,YS-N24/65-6500117/2021,A,CASH,,,,,,N24,65,A,,saheli,,0
,,158.0,06/02/2021,10:25,500.0,500.0,,,,0.0,0.0,1,YS-N24/65-6500117/2021,I,CASH,,,,,,N24,65,A,,saheli,,
,,159.0,06/02/2021,11:36,500.0,500.0,,,,0.0,0.0,1,YS-N24/65-6500010/2021,I,CASH,,,,,,N24,65,A,,saheli,,
,,160.0,06/02/2021,11:37,500.0,500.0,,,,0.0,0.0,1,YS-N24/65-6500033/2021,I,CASH,,,,,,N24,65,A,,saheli,,
,,161.0,06/02/2021,11:38,500.0,500.0,,,,0.0,0.0,1,YS-N24/65-6500011/2021,I,CASH,,,,,,N24,65,A,,saheli,,
,,162.0,06/02/2021,11:39,500.0,500.0,,,,0.0,0.0,1,YS-N24/65-6500052/2021,I,CASH,,,,,,N24,65,A,,saheli,,
,,163.0,06/02/2021,11:40,500.0,500.0,,,,0.0,0.0,1,YS-N24/65-6500051/2021,I,CASH,,,,,,N24,65,A,,saheli,,
,,164.0,06/02/2021,11:41,500.0,500.0,,,,0.0,0.0,1,YS-N24/65-6500053/2021,I,CASH,,,,,,N24,65,A,,saheli,,
,,165.0,06/02/2021,11:42,500.0,500.0,,,,0.0,0.0,1,YS-N24/65-6500018/2021,I,CASH,,,,,,N24,65,A,,saheli,,
,,166.0,06/02/2021,11:43,500.0,500.0,,,,0.0,0.0,1,YS-N24/65-6500031/2021,I,CASH,,,,,,N24,65,A,,saheli,,
,,167.0,06/02/2021,11:44,500.0,500.0,,,,0.0,0.0,1,YS-N24/65-6500008/2021,I,CASH,,,,,,N24,65,A,,saheli,,
,,168.0,06/02/2021,11:45,500.0,500.0,,,,0.0,0.0,1,YS-N24/65-6500009/2021,I,CASH,,,,,,N24,65,A,,saheli,,
,,169.0,06/02/2021,11:46,500.0,500.0,,,,0.0,0.0,1,YS-N24/65-6500107/2021,I,CASH,,,,,,N24,65,A,,saheli,,
,,170.0,06/02/2021,11:47,500.0,500.0,,,,0.0,0.0,1,YS-N24/65-6500108/2021,I,CASH,,,,,,N24,65,A,,saheli,,
,,171.0,06/02/2021,12:51,500.0,500.0,,,,0.0,0.0,1,YS-N24/65-6500036/2021,I,CASH,,,,,,N24,65,A,,saheli,,
,,138.0,04/02/2021,16:19,500.0,500.0,,,,0.0,0.0,1,YS-N24/65-6500017/2021,I,CASH,,,,,,N24,65,A,,saheli,,
Prs,,139.0,04/02/2021,16:28,515.0,400.0,100.0,15.0,,,,A,YS-N24/65-6500110/2021,A,CASH,,,,,,N24,65,A,,saheli,,0
,,140.0,04/02/2021,16:34,500.0,500.0,,,,0.0,0.0,1,YS-N24/65-6500026/2021,I,CASH,,,,,,N24,65,A,,saheli,,
,,141.0,04/02/2021,17:25,500.0,500.0,,,,0.0,0.0,1,YS-N24/65-6500012/2021,I,CASH,,,,,,N24,65,A,,saheli,,
,,142.0,04/02/2021,17:26,500.0,500.0,,,,0.0,0.0,1,YS-N24/65-6500025/2021,I,CASH,,,,,,N24,65,A,,saheli,,
,,143.0,05/02/2021,11:42,500.0,400.0,100.0,,,,,A,YS-N24/65-6500111/2021,A,CASH,,,,,,N24,65,A,,saheli,,0
,,144.0,05/02/2021,11:43,500.0,500.0,,,,0.0,0.0,1,YS-N24/65-6500111/2021,I,CASH,,,,,,N24,65,A,,saheli,,
Prs,,145.0,05/02/2021,12:08,515.0,400.0,100.0,15.0,,,,A,YS-N24/65-6500112/2021,A,CASH,,,,,,N24,65,A,,saheli,,0
Prs,,146.0,05/02/2021,12:11,515.0,400.0,100.0,15.0,,,,A,YS-N24/65-6500113/2021,A,CASH,,,,,,N24,65,A,,saheli,,0
,,147.0,05/02/2021,12:40,500.0,500.0,,,,0.0,0.0,1,YS-N24/65-6500072/2021,I,CASH,,,,,,N24,65,A,,saheli,,
Prs,,148.0,05/02/2021,12:45,515.0,400.0,100.0,15.0,,,,A,YS-N24/65-6500114/2021,A,CASH,,,,,,N24,65,A,,saheli,,0
,,149.0,05/02/2021,14:09,500.0,500.0,,,,0.0,0.0,1,YS-N24/65-6500087/2021,I,CASH,,,,,,N24,65,A,,saheli,,
,,150.0,05/02/2021,14:10,500.0,500.0,,,,0.0,0.0,1,YS-N24/65-6500054/2021,I,CASH,,,,,,N24,65,A,,saheli,,
,,151.0,05/02/2021,14:11,500.0,500.0,,,,0.0,0.0,1,YS-N24/65-6500065/2021,I,CASH,,,,,,N24,65,A,,saheli,,
,,152.0,05/02/2021,14:13,500.0,500.0,,,,0.0,0.0,1,YS-N24/65-6500058/2021,I,CASH,,,,,,N24,65,A,,saheli,,
,,153.0,05/02/2021,14:13,500.0,500.0,,,,0.0,0.0,1,YS-N24/65-6500067/2021,I,CASH,,,,,,N24,65,A,,saheli,,
Prs,,154.0,05/02/2021,14:18,515.0,400.0,100.0,15.0,,,,A,YS-N24/65-6500115/2021,A,CASH,,,,,,N24,65,A,,saheli,,0
Prs,,172.0,06/02/2021,14:00,515.0,400.0,100.0,15.0,,,,A,YS-N24/65-6500118/2021,A,CASH,,,,,,N24,65,A,,saheli,,0
Prs,,173.0,06/02/2021,14:27,515.0,400.0,100.0,15.0,,,,A,YS-N24/65-6500119/2021,A,CASH,,,,,,N24,65,A,,saheli,,0
,,174.0,06/02/2021,14:27,500.0,500.0,,,,0.0,0.0,1,YS-N24/65-6500119/2021,I,CASH,,,,,,N24,65,A,,saheli,,
,,175.0,08/02/2021,10:06,500.0,500.0,,,,0.0,0.0,1,YS-N24/65-6500081/2021,I,CASH,,,,,,N24,65,A,,saheli,,
,,176.0,08/02/2021,10:06,500.0,500.0,,,,0.0,0.0,1,YS-N24/65-6500082/2021,I,CASH,,,,,,N24,65,A,,saheli,,
,,177.0,08/02/2021,10:12,500.0,500.0,,,,0.0,0.0,1,YS-N24/65-6500007/2021,I,CASH,,,,,,N24,65,A,,saheli,,
Prs,,178.0,08/02/2021,10:16,515.0,400.0,100.0,15.0,,,,A,YS-N24/65-6500120/2021,A,CASH,,,,,,N24,65,A,,saheli,,0
,,179.0,08/02/2021,11:44,500.0,500.0,,,,0.0,0.0,1,YS-N24/65-6500016/2021,I,CASH,,,,,,N24,65,A,,saheli,,
,,180.0,08/02/2021,11:44,500.0,500.0,,,,0.0,0.0,1,YS-N24/65-6500015/2021,I,CASH,,,,,,N24,65,A,,saheli,,
Prs,,181.0,08/02/2021,13:08,515.0,400.0,100.0,15.0,,,,A,YS-N24/65-6500121/2021,A,CASH,,,,,,N24,65,A,,saheli,,0
,,182.0,08/02/2021,15:53,500.0,500.0,,,,0.0,0.0,1,YS-N24/65-6500069/2021,I,CASH,,,,,,N24,65,A,,saheli,,
,,183.0,08/02/2021,15:54,500.0,500.0,,,,0.0,0.0,1,YS-N24/65-6500078/2021,I,CASH,,,,,,N24,65,A,,saheli,,
,,184.0,08/02/2021,15:55,500.0,500.0,,,,0.0,0.0,1,YS-N24/65-6500110/2021,I,CASH,,,,,,N24,65,A,,saheli,,
Prs,,185.0,08/02/2021,16:17,515.0,400.0,100.0,15.0,,,,A,YS-N24/65-6500122/2021,A,CASH,,,,,,N24,65,A,,saheli,,0
,,186.0,08/02/2021,16:18,500.0,500.0,,,,0.0,0.0,1,YS-N24/65-6500122/2021,I,CASH,,,,,,N24,65,A,,saheli,,
,,187.0,08/02/2021,16:24,500.0,500.0,,,,0.0,0.0,1,YS-N24/65-6500022/2021,I,CASH,,,,,,N24,65,A,,saheli,,
Prs,,188.0,08/02/2021,16:44,515.0,400.0,100.0,15.0,,,,A,YS-N24/65-6500123/2021,A,CASH,,,,,,N24,65,A,,saheli,,0
,,189.0,08/02/2021,16:50,500.0,500.0,,,,0.0,0.0,1,YS-N24/65-6500023/2021,I,CASH,,,,,,N24,65,A,,saheli,,
,,190.0,08/02/2021,16:52,500.0,500.0,,,,0.0,0.0,1,YS-N24/65-6500083/2021,I,CASH,,,,,,N24,65,A,,saheli,,
,,191.0,09/02/2021,11:53,500.0,500.0,,,,0.0,0.0,1,YS-N24/65-6500073/2021,I,CASH,,,,,,N24,65,A,,saheli,,
Prs,,192.0,09/02/2021,14:06,15.0,,,15.0,,,,,,P,CASH,,,,,,N24,65,A,,saheli,,
,,193.0,09/02/2021,14:11,500.0,500.0,,,,0.0,0.0,1,YS-N24/65-6500088/2021,I,CASH,,,,,,N24,65,A,,saheli,,
,,194.0,09/02/2021,14:14,500.0,500.0,,,,0.0,0.0,1,YS-N24/65-6500085/2021,I,CASH,,,,,,N24,65,A,,saheli,,
,,195.0,09/02/2021,14:14,500.0,500.0,,,,0.0,0.0,1,YS-N24/65-6500086/2021,I,CASH,,,,,,N24,65,A,,saheli,,
,,196.0,09/02/2021,14:16,500.0,500.0,,,,0.0,0.0,1,YS-N24/65-6500056/2021,I,CASH,,,,,,N24,65,A,,saheli,,
,,197.0,09/02/2021,14:17,500.0,500.0,,,,0.0,0.0,1,YS-N24/65-6500077/2021,I,CASH,,,,,,N24,65,A,,saheli,,
,,198.0,09/02/2021,14:18,500.0,500.0,,,,0.0,0.0,1,YS-N24/65-6500057/2021,I,CASH,,,,,,N24,65,A,,saheli,,
,,199.0,09/02/2021,14:19,500.0,500.0,,,,0.0,0.0,1,YS-N24/65-6500050/2021,I,CASH,,,,,,N24,65,A,,saheli,,
,,200.0,09/02/2021,14:20,500.0,500.0,,,,0.0,0.0,1,YS-N24/65-6500074/2021,I,CASH,,,,,,N24,65,A,,saheli,,
,,201.0,09/02/2021,14:21,500.0,500.0,,,,0.0,0.0,1,YS-N24/65-6500114/2021,I,CASH,,,,,,N24,65,A,,saheli,,
,,202.0,09/02/2021,14:24,500.0,500.0,,,,0.0,0.0,1,YS-N24/65-6500061/2021,I,CASH,,,,,,N24,65,A,,saheli,,
,,203.0,09/02/2021,14:24,500.0,500.0,,,,0.0,0.0,1,YS-N24/65-6500060/2021,I,CASH,,,,,,N24,65,A,,saheli,,
Prs,,204.0,09/02/2021,15:38,515.0,400.0,100.0,15.0,,,,A,YS-N24/65-6500124/2021,A,CASH,,,,,,N24,65,A,,saheli,,0
,,205.0,09/02/2021,15:38,500.0,500.0,,,,0.0,0.0,1,YS-N24/65-6500124/2021,I,CASH,,,,,,N24,65,A,,saheli,,
Prs,,206.0,09/02/2021,15:42,515.0,400.0,100.0,15.0,,,,A,YS-N24/65-6500125/2021,A,CASH,,,,,,N24,65,A,,saheli,,0
,,207.0,09/02/2021,15:42,500.0,500.0,,,,0.0,0.0,1,YS-N24/65-6500125/2021,I,CASH,,,,,,N24,65,A,,saheli,,
,,208.0,09/02/2021,15:52,500.0,500.0,,,,0.0,0.0,1,YS-N24/65-6500123/2021,I,CASH,,,,,,N24,65,A,,saheli,,
,,209.0,09/02/2021,16:04,500.0,500.0,,,,0.0,0.0,1,YS-N24/65-6500014/2021,I,CASH,,,,,,N24,65,A,,saheli,,
,,210.0,09/02/2021,16:46,500.0,500.0,,,,0.0,0.0,1,YS-N24/65-6500100/2021,I,CASH,,,,,,N24,65,A,,saheli,,
,,211.0,09/02/2021,16:48,500.0,500.0,,,,0.0,0.0,1,YS-N24/65-6500116/2021,I,CASH,,,,,,N24,65,A,,saheli,,
,,212.0,09/02/2021,17:01,500.0,500.0,,,,0.0,0.0,1,YS-N24/65-6500093/2021,I,CASH,,,,,,N24,65,A,,saheli,,
,,213.0,09/02/2021,17:11,500.0,500.0,,,,0.0,0.0,1,YS-N24/65-6500075/2021,I,CASH,,,,,,N24,65,A,,saheli,,
,,214.0,10/02/2021,10:21,500.0,500.0,,,,0.0,0.0,1,YS-N24/65-6500118/2021,I,CASH,,,,,,N24,65,A,,saheli,,
,,215.0,10/02/2021,10:23,500.0,500.0,,,,0.0,0.0,1,YS-N24/65-6500097/2021,I,CASH,,,,,,N24,65,A,,saheli,,
,,216.0,10/02/2021,11:47,500.0,500.0,,,,0.0,0.0,1,YS-N24/65-6500039/2021,I,CASH,,,,,,N24,65,A,,saheli,,
,,217.0,10/02/2021,11:48,500.0,500.0,,,,0.0,0.0,1,YS-N24/65-6500027/2021,I,CASH,,,,,,N24,65,A,,saheli,,
,,218.0,10/02/2021,11:51,500.0,500.0,,,,0.0,0.0,1,YS-N24/65-6500105/2021,I,CASH,,,,,,N24,65,A,,saheli,,
,,219.0,10/02/2021,11:54,500.0,500.0,,,,0.0,0.0,1,YS-N24/65-6500044/2021,I,CASH,,,,,,N24,65,A,,saheli,,
,,220.0,10/02/2021,11:55,500.0,500.0,,,,0.0,0.0,1,YS-N24/65-6500045/2021,I,CASH,,,,,,N24,65,A,,saheli,,
,,221.0,10/02/2021,12:13,500.0,500.0,,,,0.0,0.0,1,YS-N24/65-6500046/2021,I,CASH,,,,,,N24,65,A,,saheli,,
,,222.0,10/02/2021,13:42,500.0,400.0,100.0,,,,,A,YS-N24/65-6500126/2021,A,CASH,,,,,,N24,65,A,,saheli,,0
,,223.0,10/02/2021,13:43,500.0,500.0,,,,0.0,0.0,1,YS-N24/65-6500126/2021,I,CASH,,,,,,N24,65,A,,saheli,,
,,224.0,10/02/2021,17:00,500.0,500.0,,,,0.0,0.0,1,YS-N24/65-6500005/2021,I,CASH,,,,,,N24,65,A,,saheli,,
,,225.0,11/02/2021,10:28,500.0,500.0,,,,0.0,0.0,1,YS-N24/65-6500066/2021,I,CASH,,,,FINE CONSIDER DUE TO LOCKDOWN.,,N24,65,A,,saheli,,
Prs,,226.0,11/02/2021,12:37,515.0,400.0,100.0,15.0,,,,A,YS-N24/65-6500127/2021,A,CASH,,,,,,N24,65,A,,saheli,,0
,,227.0,11/02/2021,12:39,500.0,500.0,,,,0.0,0.0,1,YS-N24/65-6500127/2021,I,CASH,,,,FINE CONSIDER DUE TO LOCKDOWN.,,N24,65,A,,saheli,,
,,228.0,11/02/2021,12:41,500.0,500.0,,,,0.0,0.0,1,YS-N24/65-6500076/2021,I,CASH,,,,FINE CONSIDER DUE TO LOCKDOWN.,,N24,65,A,,saheli,,
Prs,,229.0,11/02/2021,13:04,515.0,400.0,100.0,15.0,,,,A,YS-N24/65-6500128/2021,A,CASH,,,,,,N24,65,A,,saheli,,0
,,230.0,11/02/2021,13:04,500.0,500.0,,,,0.0,0.0,1,YS-N24/65-6500128/2021,I,CASH,,,,FINE CONSIDER DUE TO LOCKDOWN.,,N24,65,A,,saheli,,
,,231.0,11/02/2021,15:45,500.0,500.0,,,,0.0,0.0,1,YS-N24/65-6500084/2021,I,CASH,,,,FINE CONSIDER DUE TO LOCKDOWN.,,N24,65,A,,saheli,,
,,232.0,11/02/2021,15:59,500.0,500.0,,,,0.0,0.0,1,YS-N24/65-6500109/2021,I,CASH,,,,FINE CONSIDER DUE TO LOCKDOWN.,,N24,65,A,,saheli,,
,,233.0,11/02/2021,16:24,500.0,500.0,,,,0.0,0.0,1,YS-N24/65-6500024/2021,I,CASH,,,,FINE CONSIDER DUE TO LOCKDOWN.,,N24,65,A,,saheli,,
,,234.0,11/02/2021,17:30,500.0,500.0,,,,0.0,0.0,1,YS-N24/65-6500002/2021,I,CASH,,,,FINE CONSIDER DUE TO LOCKDOWN.,,N24,65,A,,saheli,,
Prs,,235.0,12/02/2021,11:19,515.0,400.0,100.0,15.0,,,,A,YS-N24/65-6500129/2021,A,CASH,,,,,,N24,65,A,,saheli,,0
,,236.0,12/02/2021,11:20,500.0,500.0,,,,0.0,0.0,1,YS-N24/65-6500129/2021,I,CASH,,,,FINE CONSIDER DUE TO LOCKDOWN.,,N24,65,A,,saheli,,
,,237.0,12/02/2021,12:07,500.0,500.0,,,,0.0,0.0,1,YS-N24/65-6500047/2021,I,CASH,,,,FINE CONSIDER DUE TO LOCKDOWN.,,N24,65,A,,saheli,,
Prs,,238.0,12/02/2021,16:11,515.0,400.0,100.0,15.0,,,,A,YS-N24/65-6500130/2021,A,CASH,,,,,,N24,65,A,,saheli,,0
,,239.0,12/02/2021,16:12,500.0,500.0,,,,0.0,0.0,1,YS-N24/65-6500130/2021,I,CASH,,,,FINE CONSIDER DUE TO LOCKDOWN.,,N24,65,A,,saheli,,
Prs,,240.0,12/02/2021,17:21,515.0,400.0,100.0,15.0,,,,A,YS-N24/65-6500131/2021,A,CASH,,,,,,N24,65,A,,saheli,,0
,,241.0,12/02/2021,17:21,500.0,500.0,,,,0.0,0.0,1,YS-N24/65-6500131/2021,I,CASH,,,,FINE CONSIDER DUE TO LOCKDOWN.,,N24,65,A,,saheli,,
,,242.0,13/02/2021,10:21,500.0,500.0,,,,0.0,0.0,1,YS-N24/65-6500032/2021,I,CASH,,,,FINE CONSIDER DUE TO LOCKDOWN.,,N24,65,A,,saheli,,
,,243.0,15/02/2021,11:55,500.0,500.0,,,,0.0,0.0,1,YS-N24/65-6500064/2021,I,CASH,,,,FINE CONSIDER DUE TO LOCKDOWN.,,N24,65,A,,saheli,,
,,244.0,15/02/2021,11:57,500.0,500.0,,,,0.0,0.0,1,YS-N24/65-6500019/2021,I,CASH,,,,FINE CONSIDER DUE TO LOCKDOWN.,,N24,65,A,,saheli,,
,,245.0,15/02/2021,16:14,500.0,500.0,,,,0.0,0.0,1,YS-N24/65-6500041/2021,I,CASH,,,,FINE CONSIDER DUE TO LOCKDOWN.,,N24,65,A,,saheli,,
,,246.0,15/02/2021,16:16,500.0,500.0,,,,0.0,0.0,1,YS-N24/65-6500042/2021,I,CASH,,,,FINE CONSIDER DUE TO LOCKDOWN.,,N24,65,A,,saheli,,
Prs,,247.0,17/02/2021,10:41,515.0,400.0,100.0,15.0,,,,A,YS-N24/65-6500132/2021,A,CASH,,,,,,N24,65,A,,saheli,,0
,,248.0,17/02/2021,10:42,500.0,500.0,,,,0.0,0.0,1,YS-N24/65-6500132/2021,I,CASH,,,,FINE CONSIDER DUE TO LOCKDOWN.,,N24,65,A,,saheli,,
Fin,,249.0,17/02/2021,11:59,505.0,500.0,,,,5.0,7.0,1,YS-N24/65-6500028/2021,I,CASH,,,,FINE CONSIDER DUE TO LOCKDOWN.,,N24,65,A,,saheli,,
Prs,,250.0,17/02/2021,14:17,515.0,400.0,100.0,15.0,,,,A,YS-N24/65-6500133/2021,A,CASH,,,,,,N24,65,A,,saheli,,0
,,251.0,17/02/2021,14:17,500.0,500.0,,,,0.0,0.0,1,YS-N24/65-6500133/2021,I,CASH,,,,FINE CONSIDER DUE TO LOCKDOWN.,,N24,65,A,,saheli,,
Fin,,252.0,18/02/2021,10:12,505.0,500.0,,,,5.0,8.0,1,YS-N24/65-6500006/2021,I,CASH,,,,FINE CONSIDER DUE TO LOCKDOWN.,,N24,65,A,,saheli,,
Fin,,253.0,18/02/2021,12:26,505.0,500.0,,,,5.0,8.0,1,YS-N24/65-6500020/2021,I,CASH,,,,FINE CONSIDER DUE TO LOCKDOWN.,,N24,65,A,,saheli,,
Fin,,254.0,18/02/2021,15:57,505.0,500.0,,,,5.0,8.0,1,YS-N24/65-6500037/2021,I,CASH,,,,FINE CONSIDER DUE TO 15/02/2021.,,N24,65,A,,saheli,,
Fin,,255.0,18/02/2021,16:00,505.0,500.0,,,,5.0,8.0,1,YS-N24/65-6500121/2021,I,CASH,,,,FINE CONSIDER DUE TO 15/02/2021.,,N24,65,A,,saheli,,
Fin,,256.0,19/02/2021,14:05,505.0,500.0,,,,5.0,9.0,1,YS-N24/65-6500062/2021,I,CASH,,,,FINE CONSIDER DUE TO LOCKDOWN.,,N24,65,A,,saheli,,
,,257.0,22/02/2021,11:39,500.0,500.0,,,,0.0,0.0,1,YS-N24/65-6500063/2021,I,CASH,,,,FINE CONSIDER DUE TO LOCKDOWN.,,N24,65,A,,saheli,,
,,258.0,22/02/2021,11:40,500.0,500.0,,,,0.0,0.0,1,YS-N24/65-6500048/2021,I,CASH,,,,FINE CONSIDER DUE TO LOCKDOWN.,,N24,65,A,,saheli,,
,,259.0,22/02/2021,11:41,500.0,500.0,,,,0.0,0.0,1,YS-N24/65-6500034/2021,I,CASH,,,,FINE CONSIDER DUE TO LOCKDOWN.,,N24,65,A,,saheli,,
,,260.0,22/02/2021,11:42,500.0,500.0,,,,0.0,0.0,1,YS-N24/65-6500120/2021,I,CASH,,,,FINE CONSIDER DUE TO LOCKDOWN.,,N24,65,A,,saheli,,
,,261.0,22/02/2021,17:35,500.0,500.0,,,,0.0,0.0,1,YS-N24/65-6500004/2021,I,CASH,,,,FINE CONSIDER DUE TO LOCKDOWN.,,N24,65,A,,saheli,,
,,262.0,23/02/2021,16:38,600.0,600.0,0.0,,,,,A,YS-N24/65-6500134/2021,A,CASH,,,,,L,N24,65,A,,saheli,,0
,,263.0,23/02/2021,16:41,600.0,600.0,,,,0.0,0.0,1,YS-N24/65-6500134/2021,I,CASH,,,,FINE CONSIDER DUE TO LOCKDOWN.,,N24,65,A,,saheli,,
,,264.0,25/02/2021,15:55,1000.0,1000.0,,,,0.0,0.0,23,YS-N24/65-6500111/2021,I,CASH,,,,,,N24,65,A,,saheli,,
,,265.0,25/02/2021,16:00,500.0,500.0,,,,0.0,0.0,2,YS-N24/65-6500038/2021,I,CASH,,,,,,N24,65,A,,saheli,,
Prs,,266.0,26/02/2021,12:04,515.0,400.0,100.0,15.0,,,,A,YS-N24/65-6500135/2021,A,CASH,,,,,,N24,65,A,,saheli,,0
,,267.0,26/02/2021,12:05,500.0,500.0,,,,0.0,0.0,1,YS-N24/65-6500135/2021,I,CASH,,,,FINE CONSIDER DUE TO LOCKDOWN.,,N24,65,A,,saheli,,
,,268.0,01/03/2021,16:47,500.0,500.0,,,,0.0,0.0,2,YS-N24/65-6500078/2021,I,CASH,,,,,,N24,65,A,,saheli,,
,,269.0,01/03/2021,16:48,500.0,500.0,,,,0.0,0.0,2,YS-N24/65-6500069/2021,I,CASH,,,,,,N24,65,A,,saheli,,
,,270.0,02/03/2021,14:01,500.0,500.0,,,,0.0,0.0,2,YS-N24/65-6500065/2021,I,CASH,,,,,,N24,65,A,,saheli,,
,,271.0,03/03/2021,11:36,500.0,500.0,,,,0.0,0.0,2,YS-N24/65-6500009/2021,I,CASH,,,,,,N24,65,A,,cic,,
,,272.0,03/03/2021,11:38,500.0,500.0,,,,0.0,0.0,2,YS-N24/65-6500030/2021,I,CASH,,,,,,N24,65,A,,cic,,
,,273.0,03/03/2021,11:39,500.0,500.0,,,,0.0,0.0,2,YS-N24/65-6500013/2021,I,CASH,,,,,,N24,65,A,,cic,,
,,274.0,03/03/2021,11:41,500.0,500.0,,,,0.0,0.0,2,YS-N24/65-6500115/2021,I,CASH,,,,,,N24,65,A,,cic,,
Fin,,275.0,03/03/2021,12:19,1025.0,1000.0,,,,25.0,21.0,12,YS-N24/65-6500040/2021,I,CASH,,,,,,N24,65,A,,cic,,
Fin,,276.0,04/03/2021,10:10,1025.0,1000.0,,,,25.0,22.0,12,YS-N24/65-6500035/2021,I,CASH,,,,,,N24,65,A,,saheli,,
,,277.0,04/03/2021,11:22,500.0,500.0,,,,0.0,0.0,2,YS-N24/65-6500007/2021,I,CASH,,,,,,N24,65,A,,saheli,,
,,278.0,04/03/2021,11:55,500.0,500.0,,,,0.0,0.0,2,YS-N24/65-6500127/2021,I,CASH,,,,,,N24,65,A,,saheli,,
,,279.0,04/03/2021,15:44,500.0,500.0,,,,0.0,0.0,2,YS-N24/65-6500043/2021,I,CASH,,,,,,N24,65,A,,saheli,,
,,280.0,04/03/2021,15:54,500.0,500.0,,,,0.0,0.0,2,YS-N24/65-6500110/2021,I,CASH,,,,,,N24,65,A,,saheli,,
,,281.0,04/03/2021,15:55,500.0,500.0,,,,0.0,0.0,2,YS-N24/65-6500121/2021,I,CASH,,,,,,N24,65,A,,saheli,,
,,282.0,04/03/2021,15:58,500.0,500.0,,,,0.0,0.0,2,YS-N24/65-6500025/2021,I,CASH,,,,,,N24,65,A,,saheli,,
,,283.0,04/03/2021,16:04,500.0,500.0,,,,0.0,0.0,2,YS-N24/65-6500001/2021,I,CASH,,,,,,N24,65,A,,saheli,,
,,284.0,04/03/2021,16:05,500.0,500.0,,,,0.0,0.0,2,YS-N24/65-6500083/2021,I,CASH,,,,,,N24,65,A,,saheli,,
,,285.0,04/03/2021,16:05,500.0,500.0,,,,0.0,0.0,2,YS-N24/65-6500012/2021,I,CASH,,,,,,N24,65,A,,saheli,,
,,286.0,05/03/2021,11:06,500.0,500.0,,,,0.0,0.0,2,YS-N24/65-6500072/2021,I,CASH,,,,,,N24,65,A,,saheli,,
,,287.0,05/03/2021,12:03,600.0,600.0,0.0,,,,,A,YS-N24/65-6500136/2021,A,CASH,,,,,L,N24,65,A,,saheli,,0
,,288.0,05/03/2021,12:04,600.0,600.0,,,,0.0,0.0,1,YS-N24/65-6500136/2021,I,CASH,,,,FINE CONSIDER DUE TO LOCKDOWN.,,N24,65,A,,saheli,,
,,289.0,05/03/2021,13:28,600.0,600.0,0.0,,,,,A,YS-N24/65-6500137/2021,A,CASH,,,,,L,N24,65,A,,saheli,,0
,,290.0,05/03/2021,13:33,600.0,600.0,,,,0.0,0.0,1,YS-N24/65-6500137/2021,I,CASH,,,,FINE CONSIDER DUE TO LOCKDOWN.,,N24,65,A,,saheli,,
,,291.0,05/03/2021,14:02,500.0,500.0,,,,0.0,0.0,2,YS-N24/65-6500085/2021,I,CASH,,,,,,N24,65,A,,saheli,,
,,292.0,05/03/2021,14:03,500.0,500.0,,,,0.0,0.0,2,YS-N24/65-6500089/2021,I,CASH,,,,,,N24,65,A,,saheli,,
,,293.0,05/03/2021,14:04,500.0,500.0,,,,0.0,0.0,2,YS-N24/65-6500056/2021,I,CASH,,,,,,N24,65,A,,saheli,,
,,294.0,05/03/2021,16:04,500.0,500.0,,,,0.0,0.0,2,YS-N24/65-6500098/2021,I,CASH,,,,,,N24,65,A,,cic,,
,,295.0,05/03/2021,16:06,500.0,500.0,,,,0.0,0.0,2,YS-N24/65-6500129/2021,I,CASH,,,,,,N24,65,A,,cic,,
,,296.0,05/03/2021,17:22,500.0,500.0,,,,0.0,0.0,2,YS-N24/65-6500128/2021,I,CASH,,,,,,N24,65,A,,saheli,,
,,297.0,06/03/2021,10:33,500.0,500.0,,,,0.0,0.0,2,YS-N24/65-6500011/2021,I,CASH,,,,,,N24,65,A,,saheli,,
,,298.0,06/03/2021,10:34,500.0,500.0,,,,0.0,0.0,2,YS-N24/65-6500052/2021,I,CASH,,,,,,N24,65,A,,saheli,,
,,299.0,06/03/2021,10:35,500.0,500.0,,,,0.0,0.0,2,YS-N24/65-6500053/2021,I,CASH,,,,,,N24,65,A,,saheli,,
,,300.0,06/03/2021,10:36,500.0,500.0,,,,0.0,0.0,2,YS-N24/65-6500014/2021,I,CASH,,,,,,N24,65,A,,saheli,,
,,301.0,06/03/2021,11:32,500.0,500.0,,,,0.0,0.0,2,YS-N24/65-6500107/2021,I,CASH,,,,,,N24,65,A,,saheli,,
,,302.0,06/03/2021,11:33,500.0,500.0,,,,0.0,0.0,2,YS-N24/65-6500117/2021,I,CASH,,,,,,N24,65,A,,saheli,,
,,303.0,06/03/2021,11:48,500.0,500.0,,,,0.0,0.0,2,YS-N24/65-6500051/2021,I,CASH,,,,,,N24,65,A,,saheli,,
,,304.0,06/03/2021,11:49,500.0,500.0,,,,0.0,0.0,2,YS-N24/65-6500031/2021,I,CASH,,,,,,N24,65,A,,saheli,,
,,305.0,06/03/2021,11:51,500.0,500.0,,,,0.0,0.0,2,YS-N24/65-6500135/2021,I,CASH,,,,,,N24,65,A,,saheli,,
,,306.0,08/03/2021,11:41,500.0,500.0,,,,0.0,0.0,2,YS-N24/65-6500006/2021,I,CASH,,,,,,N24,65,A,,saheli,,
,,307.0,08/03/2021,11:43,500.0,500.0,,,,0.0,0.0,2,YS-N24/65-6500020/2021,I,CASH,,,,,,N24,65,A,,saheli,,
,,308.0,08/03/2021,11:44,500.0,500.0,,,,0.0,0.0,2,YS-N24/65-6500082/2021,I,CASH,,,,,,N24,65,A,,saheli,,
,,309.0,08/03/2021,11:45,500.0,500.0,,,,0.0,0.0,2,YS-N24/65-6500120/2021,I,CASH,,,,,,N24,65,A,,saheli,,
,,310.0,08/03/2021,11:46,500.0,500.0,,,,0.0,0.0,2,YS-N24/65-6500081/2021,I,CASH,,,,,,N24,65,A,,saheli,,
,,311.0,08/03/2021,11:47,500.0,500.0,,,,0.0,0.0,2,YS-N24/65-6500016/2021,I,CASH,,,,,,N24,65,A,,saheli,,
,,312.0,08/03/2021,11:48,500.0,500.0,,,,0.0,0.0,2,YS-N24/65-6500015/2021,I,CASH,,,,,,N24,65,A,,saheli,,
,,313.0,08/03/2021,15:47,500.0,500.0,,,,0.0,0.0,2,YS-N24/65-6500109/2021,I,CASH,,,,,,N24,65,A,,saheli,,
,,314.0,08/03/2021,15:49,500.0,500.0,,,,0.0,0.0,2,YS-N24/65-6500004/2021,I,CASH,,,,,,N24,65,A,,saheli,,
Fin,,315.0,08/03/2021,15:58,530.0,500.0,,,,30.0,26.0,1,YS-N24/65-6500079/2021,I,CASH,,,,,,N24,65,A,,saheli,,
,,316.0,08/03/2021,15:59,500.0,500.0,,,,0.0,0.0,2,YS-N24/65-6500122/2021,I,CASH,,,,,,N24,65,A,,saheli,,
,,317.0,08/03/2021,15:59,500.0,500.0,,,,0.0,0.0,2,YS-N24/65-6500104/2021,I,CASH,,,,,,N24,65,A,,saheli,,
,,318.0,08/03/2021,16:01,500.0,500.0,,,,0.0,0.0,2,YS-N24/65-6500026/2021,I,CASH,,,,,,N24,65,A,,saheli,,
,,319.0,08/03/2021,16:03,500.0,500.0,,,,0.0,0.0,2,YS-N24/65-6500022/2021,I,CASH,,,,,,N24,65,A,,saheli,,
,,320.0,08/03/2021,16:18,500.0,500.0,,,,0.0,0.0,2,YS-N24/65-6500003/2021,I,CASH,,,,,,N24,65,A,,saheli,,
,,321.0,08/03/2021,16:21,500.0,500.0,,,,0.0,0.0,2,YS-N24/65-6500103/2021,I,CASH,,,,,,N24,65,A,,saheli,,
,,322.0,09/03/2021,11:04,500.0,500.0,,,,0.0,0.0,2,YS-N24/65-6500073/2021,I,CASH,,,,,,N24,65,A,,saheli,,
,,323.0,09/03/2021,11:05,500.0,500.0,,,,0.0,0.0,2,YS-N24/65-6500074/2021,I,CASH,,,,,,N24,65,A,,saheli,,
,,324.0,09/03/2021,11:06,500.0,500.0,,,,0.0,0.0,2,YS-N24/65-6500114/2021,I,CASH,,,,,,N24,65,A,,saheli,,
,,325.0,09/03/2021,14:04,500.0,500.0,,,,0.0,0.0,2,YS-N24/65-6500058/2021,I,CASH,,,,,,N24,65,A,,saheli,,
,,326.0,09/03/2021,14:05,500.0,500.0,,,,0.0,0.0,2,YS-N24/65-6500054/2021,I,CASH,,,,,,N24,65,A,,saheli,,
,,327.0,09/03/2021,14:06,500.0,500.0,,,,0.0,0.0,2,YS-N24/65-6500088/2021,I,CASH,,,,,,N24,65,A,,saheli,,
,,328.0,09/03/2021,14:07,500.0,500.0,,,,0.0,0.0,2,YS-N24/65-6500087/2021,I,CASH,,,,,,N24,65,A,,saheli,,
,,329.0,09/03/2021,14:12,1000.0,1000.0,,,,0.0,0.0,23,YS-N24/65-6500119/2021,I,CASH,,,,,,N24,65,A,,saheli,,
,,330.0,09/03/2021,14:13,500.0,500.0,,,,0.0,0.0,2,YS-N24/65-6500050/2021,I,CASH,,,,,,N24,65,A,,saheli,,
,,331.0,09/03/2021,14:18,500.0,500.0,,,,0.0,0.0,2,YS-N24/65-6500086/2021,I,CASH,,,,,,N24,65,A,,saheli,,
,,332.0,09/03/2021,14:42,500.0,500.0,,,,0.0,0.0,2,YS-N24/65-6500029/2021,I,CASH,,,,,,N24,65,A,,saheli,,
,,333.0,09/03/2021,15:48,500.0,500.0,,,,0.0,0.0,2,YS-N24/65-6500090/2021,I,CASH,,,,,,N24,65,A,,saheli,,
,,334.0,09/03/2021,15:52,500.0,500.0,,,,0.0,0.0,2,YS-N24/65-6500116/2021,I,CASH,,,,,,N24,65,A,,saheli,,
,,335.0,09/03/2021,15:53,500.0,500.0,,,,0.0,0.0,2,YS-N24/65-6500093/2021,I,CASH,,,,,,N24,65,A,,saheli,,
,,336.0,09/03/2021,15:57,500.0,500.0,,,,0.0,0.0,2,YS-N24/65-6500131/2021,I,CASH,,,,,,N24,65,A,,saheli,,
,,337.0,09/03/2021,15:59,500.0,500.0,,,,0.0,0.0,2,YS-N24/65-6500123/2021,I,CASH,,,,,,N24,65,A,,saheli,,
,,338.0,09/03/2021,16:09,500.0,500.0,,,,0.0,0.0,2,YS-N24/65-6500061/2021,I,CASH,,,,,,N24,65,A,,saheli,,
,,339.0,09/03/2021,16:09,500.0,500.0,,,,0.0,0.0,2,YS-N24/65-6500060/2021,I,CASH,,,,,,N24,65,A,,saheli,,
,,340.0,10/03/2021,10:07,500.0,500.0,,,,0.0,0.0,2,YS-N24/65-6500118/2021,I,CASH,,,,,,N24,65,A,,saheli,,
,,341.0,10/03/2021,10:08,500.0,500.0,,,,0.0,0.0,2,YS-N24/65-6500018/2021,I,CASH,,,,,,N24,65,A,,saheli,,
,,342.0,10/03/2021,11:39,500.0,500.0,,,,0.0,0.0,2,YS-N24/65-6500039/2021,I,CASH,,,,,,N24,65,A,,saheli,,
,,343.0,10/03/2021,11:41,500.0,500.0,,,,0.0,0.0,2,YS-N24/65-6500102/2021,I,CASH,,,,,,N24,65,A,,saheli,,
,,344.0,10/03/2021,11:41,500.0,500.0,,,,0.0,0.0,2,YS-N24/65-6500010/2021,I,CASH,,,,,,N24,65,A,,saheli,,
,,345.0,10/03/2021,11:42,500.0,500.0,,,,0.0,0.0,2,YS-N24/65-6500108/2021,I,CASH,,,,,,N24,65,A,,saheli,,
,,346.0,10/03/2021,11:43,500.0,500.0,,,,0.0,0.0,2,YS-N24/65-6500068/2021,I,CASH,,,,,,N24,65,A,,saheli,,
,,347.0,10/03/2021,11:47,500.0,500.0,,,,0.0,0.0,2,YS-N24/65-6500008/2021,I,CASH,,,,,,N24,65,A,,saheli,,
,,348.0,10/03/2021,11:48,500.0,500.0,,,,0.0,0.0,2,YS-N24/65-6500095/2021,I,CASH,,,,,,N24,65,A,,saheli,,
,,349.0,10/03/2021,11:48,500.0,500.0,,,,0.0,0.0,2,YS-N24/65-6500096/2021,I,CASH,,,,,,N24,65,A,,saheli,,
,,350.0,10/03/2021,11:49,500.0,500.0,,,,0.0,0.0,2,YS-N24/65-6500027/2021,I,CASH,,,,,,N24,65,A,,saheli,,
,,351.0,10/03/2021,11:49,500.0,500.0,,,,0.0,0.0,2,YS-N24/65-6500105/2021,I,CASH,,,,,,N24,65,A,,saheli,,
,,352.0,10/03/2021,11:51,500.0,500.0,,,,0.0,0.0,2,YS-N24/65-6500028/2021,I,CASH,,,,,,N24,65,A,,saheli,,
,,353.0,10/03/2021,12:37,500.0,500.0,,,,0.0,0.0,2,YS-N24/65-6500097/2021,I,CASH,,,,,,N24,65,A,,saheli,,
,,354.0,10/03/2021,12:59,600.0,600.0,0.0,,,,,A,YS-N24/65-6500138/2021,A,CASH,,,,,L,N24,65,A,,saheli,,0
,,355.0,10/03/2021,13:00,600.0,600.0,,,,0.0,0.0,1,YS-N24/65-6500138/2021,I,CASH,,,,FINE CONSIDER DUE TO LOCKDOWN.,,N24,65,A,,saheli,,
,,356.0,10/03/2021,13:01,600.0,600.0,0.0,,,,,A,YS-N24/65-6500139/2021,A,CASH,,,,,L,N24,65,A,,saheli,,0
,,357.0,10/03/2021,13:03,600.0,600.0,,,,0.0,0.0,1,YS-N24/65-6500139/2021,I,CASH,,,,FINE CONSIDER DUE TO LOCKDOWN.,,N24,65,A,,saheli,,
Fin,,358.0,11/03/2021,11:41,505.0,500.0,,,,5.0,1.0,2,YS-N24/65-6500132/2021,I,CASH,,,,,,N24,65,A,,saheli,,
Fin,,359.0,11/03/2021,11:47,505.0,500.0,,,,5.0,1.0,2,YS-N24/65-6500064/2021,I,CASH,,,,,,N24,65,A,,saheli,,
Fin,,360.0,11/03/2021,11:48,505.0,500.0,,,,5.0,1.0,2,YS-N24/65-6500063/2021,I,CASH,,,,,,N24,65,A,,saheli,,
Fin,,361.0,11/03/2021,16:06,505.0,500.0,,,,5.0,1.0,2,YS-N24/65-6500002/2021,I,CASH,,,,,,N24,65,A,,saheli,,
Fin,,362.0,11/03/2021,16:14,505.0,500.0,,,,5.0,1.0,2,YS-N24/65-6500017/2021,I,CASH,,,,,,N24,65,A,,saheli,,
Fin,,363.0,11/03/2021,16:16,505.0,500.0,,,,5.0,1.0,2,YS-N24/65-6500023/2021,I,CASH,,,,,,N24,65,A,,saheli,,
Fin,,364.0,12/03/2021,10:19,1005.0,1000.0,,,,5.0,2.0,23,YS-N24/65-6500059/2021,I,CASH,,,,,,N24,65,A,,saheli,,
Fin,,365.0,12/03/2021,11:39,505.0,500.0,,,,5.0,2.0,2,YS-N24/65-6500036/2021,I,CASH,,,,,,N24,65,A,,saheli,,
Fin,,366.0,12/03/2021,11:48,505.0,500.0,,,,5.0,2.0,2,YS-N24/65-6500057/2021,I,CASH,,,,,,N24,65,A,,saheli,,
Fin,,367.0,12/03/2021,11:52,505.0,500.0,,,,5.0,2.0,2,YS-N24/65-6500067/2021,I,CASH,,,,,,N24,65,A,,saheli,,
Fin,,368.0,12/03/2021,14:05,530.0,500.0,,,,30.0,30.0,1,YS-N24/65-6500091/2021,I,CASH,,,,,,N24,65,A,,saheli,,
Fin,,369.0,12/03/2021,14:07,505.0,500.0,,,,5.0,2.0,2,YS-N24/65-6500077/2021,I,CASH,,,,,,N24,65,A,,saheli,,
Fin,,370.0,12/03/2021,14:09,505.0,500.0,,,,5.0,2.0,2,YS-N24/65-6500047/2021,I,CASH,,,,,,N24,65,A,,saheli,,
Fin,,371.0,12/03/2021,15:18,505.0,500.0,,,,5.0,2.0,2,YS-N24/65-6500075/2021,I,CASH,,,,,,N24,65,A,,saheli,,
Fin,,372.0,13/03/2021,10:09,505.0,500.0,,,,5.0,3.0,2,YS-N24/65-6500033/2021,I,CASH,,,,,,N24,65,A,,saheli,,
Fin,,373.0,13/03/2021,11:35,505.0,500.0,,,,5.0,3.0,2,YS-N24/65-6500005/2021,I,CASH,,,,,,N24,65,A,,saheli,,
Fin,,374.0,13/03/2021,11:49,505.0,500.0,,,,5.0,3.0,2,YS-N24/65-6500032/2021,I,CASH,,,,,,N24,65,A,,saheli,,
Fin,,375.0,15/03/2021,11:57,505.0,500.0,,,,5.0,5.0,2,YS-N24/65-6500034/2021,I,CASH,,,,,,N24,65,A,,saheli,,
Fin,,376.0,15/03/2021,11:59,505.0,500.0,,,,5.0,5.0,2,YS-N24/65-6500133/2021,I,CASH,,,,,,N24,65,A,,saheli,,
,,377.0,16/03/2021,10:29,600.0,600.0,0.0,,,,,A,YS-N24/65-6500140/2021,A,CASH,,,,,L,N24,65,A,,saheli,,0
Fin,,378.0,16/03/2021,14:02,510.0,500.0,,,,10.0,6.0,2,YS-N24/65-6500076/2021,I,CASH,,,,,,N24,65,A,,saheli,,
Fin,,379.0,17/03/2021,10:10,510.0,500.0,,,,10.0,7.0,2,YS-N24/65-6500126/2021,I,CASH,,,,,,N24,65,A,,saheli,,
Fin,,380.0,18/03/2021,11:49,510.0,500.0,,,,10.0,8.0,2,YS-N24/65-6500019/2021,I,CASH,,,,,,N24,65,A,,saheli,,
Fin,,381.0,18/03/2021,16:06,510.0,500.0,,,,10.0,8.0,2,YS-N24/65-6500084/2021,I,CASH,,,,,,N24,65,A,,saheli,,
Fin,,382.0,22/03/2021,11:54,515.0,500.0,,,,15.0,12.0,2,YS-N24/65-6500066/2021,I,CASH,,,,,,N24,65,A,,saheli,,
,,383.0,22/03/2021,11:58,600.0,600.0,,,,0.0,0.0,1,YS-N24/65-6500140/2021,I,CASH,,,,FINE CONSIDER DUE TO LOCKDOWN.,,N24,65,A,,saheli,,
Fin,,384.0,22/03/2021,16:26,515.0,500.0,,,,15.0,12.0,2,YS-N24/65-6500024/2021,I,CASH,,,,,,N24,65,A,,saheli,,
Fin,,385.0,24/03/2021,11:51,515.0,500.0,,,,15.0,14.0,2,YS-N24/65-6500045/2021,I,CASH,,,,,,N24,65,A,,saheli,,
Fin,,386.0,25/03/2021,10:34,515.0,500.0,,,,15.0,15.0,2,YS-N24/65-6500048/2021,I,CASH,,,,,,N24,65,A,,saheli,,
Fin,,387.0,25/03/2021,15:40,515.0,500.0,,,,15.0,15.0,2,YS-N24/65-6500037/2021,I,CASH,,,,,,N24,65,A,,saheli,,
Fin,,388.0,26/03/2021,11:54,520.0,500.0,,,,20.0,16.0,2,YS-N24/65-6500062/2021,I,CASH,,,,,,N24,65,A,,saheli,,
Fin,,389.0,27/03/2021,17:17,1065.0,1000.0,,,,65.0,62.0,12,YS-N24/65-6500080/2021,I,CASH,,,,,,N24,65,A,,saheli,,
Fin,,390.0,30/03/2021,16:03,1070.0,1000.0,,,,70.0,68.0,12,YS-N24/65-6500071/2021,I,CASH,,,,,,N24,65,A,,saheli,,
Fin,,391.0,31/03/2021,11:52,525.0,500.0,,,,25.0,21.0,2,YS-N24/65-6500044/2021,I,CASH,,,,,,N24,65,A,,saheli,,
,,392.0,01/04/2021,11:02,500.0,500.0,,,,0.0,0.0,3,YS-N24/65-6500132/2021,I,CASH,,,,,,N24,65,A,,saheli,,
,,393.0,01/04/2021,15:37,500.0,500.0,,,,0.0,0.0,3,YS-N24/65-6500038/2021,I,CASH,,,,,,N24,65,A,,saheli,,
,,394.0,02/04/2021,16:03,500.0,500.0,,,,0.0,0.0,3,YS-N24/65-6500098/2021,I,CASH,,,,,,N24,65,A,,saheli,,
,,395.0,03/04/2021,11:15,500.0,500.0,,,,0.0,0.0,3,YS-N24/65-6500030/2021,I,CASH,,,,,,N24,65,A,,saheli,,
,,396.0,03/04/2021,11:52,500.0,500.0,,,,0.0,0.0,3,YS-N24/65-6500009/2021,I,CASH,,,,,,N24,65,A,,saheli,,
,,397.0,05/04/2021,10:28,500.0,500.0,,,,0.0,0.0,3,YS-N24/65-6500043/2021,I,CASH,,,,,,N24,65,A,,saheli,,
,,398.0,05/04/2021,12:24,500.0,500.0,,,,0.0,0.0,3,YS-N24/65-6500006/2021,I,CASH,,,,,,N24,65,A,,saheli,,
,,399.0,05/04/2021,12:30,500.0,500.0,,,,0.0,0.0,3,YS-N24/65-6500024/2021,I,CASH,,,,,,N24,65,A,,saheli,,
,,400.0,05/04/2021,15:58,500.0,500.0,,,,0.0,0.0,3,YS-N24/65-6500001/2021,I,CASH,,,,,,N24,65,A,,saheli,,
,,401.0,06/04/2021,12:22,500.0,500.0,,,,0.0,0.0,3,YS-N24/65-6500087/2021,I,CASH,,,,,,N24,65,A,,saheli,,
,,402.0,06/04/2021,12:23,500.0,500.0,,,,0.0,0.0,3,YS-N24/65-6500089/2021,I,CASH,,,,,,N24,65,A,,saheli,,
Fin,,403.0,06/04/2021,13:59,530.0,500.0,,,,30.0,27.0,2,YS-N24/65-6500091/2021,I,CASH,,,,,,N24,65,A,,saheli,,
,,404.0,06/04/2021,14:00,500.0,500.0,,,,0.0,0.0,3,YS-N24/65-6500076/2021,I,CASH,,,,,,N24,65,A,,saheli,,
,,405.0,06/04/2021,14:00,500.0,500.0,,,,0.0,0.0,3,YS-N24/65-6500077/2021,I,CASH,,,,,,N24,65,A,,saheli,,
,,406.0,07/04/2021,10:44,500.0,500.0,,,,0.0,0.0,3,YS-N24/65-6500068/2021,I,CASH,,,,,,N24,65,A,,saheli,,
,,407.0,07/04/2021,11:12,500.0,500.0,,,,0.0,0.0,3,YS-N24/65-6500053/2021,I,CASH,,,,,,N24,65,A,,saheli,,
,,408.0,07/04/2021,11:12,500.0,500.0,,,,0.0,0.0,3,YS-N24/65-6500052/2021,I,CASH,,,,,,N24,65,A,,saheli,,
,,409.0,07/04/2021,11:14,500.0,500.0,,,,0.0,0.0,3,YS-N24/65-6500018/2021,I,CASH,,,,,,N24,65,A,,saheli,,
,,410.0,07/04/2021,11:14,500.0,500.0,,,,0.0,0.0,3,YS-N24/65-6500013/2021,I,CASH,,,,,,N24,65,A,,saheli,,
,,411.0,07/04/2021,11:15,500.0,500.0,,,,0.0,0.0,3,YS-N24/65-6500044/2021,I,CASH,,,,,,N24,65,A,,saheli,,
,,412.0,07/04/2021,11:16,500.0,500.0,,,,0.0,0.0,3,YS-N24/65-6500051/2021,I,CASH,,,,,,N24,65,A,,saheli,,
,,413.0,07/04/2021,11:16,500.0,500.0,,,,0.0,0.0,3,YS-N24/65-6500010/2021,I,CASH,,,,,,N24,65,A,,saheli,,
,,414.0,07/04/2021,11:17,500.0,500.0,,,,0.0,0.0,3,YS-N24/65-6500039/2021,I,CASH,,,,,,N24,65,A,,saheli,,
,,415.0,07/04/2021,11:18,500.0,500.0,,,,0.0,0.0,3,YS-N24/65-6500108/2021,I,CASH,,,,,,N24,65,A,,saheli,,
,,416.0,07/04/2021,11:19,500.0,500.0,,,,0.0,0.0,3,YS-N24/65-6500011/2021,I,CASH,,,,,,N24,65,A,,saheli,,
,,417.0,07/04/2021,11:35,500.0,500.0,,,,0.0,0.0,3,YS-N24/65-6500028/2021,I,CASH,,,,,,N24,65,A,,saheli,,
,,418.0,07/04/2021,11:37,500.0,500.0,,,,0.0,0.0,3,YS-N24/65-6500031/2021,I,CASH,,,,,,N24,65,A,,saheli,,
,,419.0,08/04/2021,12:08,500.0,500.0,,,,0.0,0.0,3,YS-N24/65-6500082/2021,I,CASH,,,,,,N24,65,A,,saheli,,
,,420.0,08/04/2021,12:09,500.0,500.0,,,,0.0,0.0,3,YS-N24/65-6500007/2021,I,CASH,,,,,,N24,65,A,,saheli,,
,,421.0,08/04/2021,12:10,500.0,500.0,,,,0.0,0.0,3,YS-N24/65-6500081/2021,I,CASH,,,,,,N24,65,A,,saheli,,
,,422.0,08/04/2021,12:10,500.0,500.0,,,,0.0,0.0,3,YS-N24/65-6500120/2021,I,CASH,,,,,,N24,65,A,,saheli,,
,,423.0,08/04/2021,12:13,500.0,500.0,,,,0.0,0.0,3,YS-N24/65-6500078/2021,I,CASH,,,,,,N24,65,A,,saheli,,
,,424.0,08/04/2021,12:20,500.0,500.0,,,,0.0,0.0,3,YS-N24/65-6500020/2021,I,CASH,,,,,,N24,65,A,,saheli,,
,,425.0,08/04/2021,12:20,500.0,500.0,,,,0.0,0.0,3,YS-N24/65-6500019/2021,I,CASH,,,,,,N24,65,A,,saheli,,
,,426.0,08/04/2021,12:21,500.0,500.0,,,,0.0,0.0,3,YS-N24/65-6500064/2021,I,CASH,,,,,,N24,65,A,,saheli,,
,,427.0,08/04/2021,12:21,500.0,500.0,,,,0.0,0.0,3,YS-N24/65-6500085/2021,I,CASH,,,,,,N24,65,A,,saheli,,
,,428.0,08/04/2021,15:27,500.0,500.0,,,,0.0,0.0,3,YS-N24/65-6500104/2021,I,CASH,,,,,,N24,65,A,,saheli,,
,,429.0,08/04/2021,15:53,500.0,500.0,,,,0.0,0.0,3,YS-N24/65-6500003/2021,I,CASH,,,,,,N24,65,A,,saheli,,
,,430.0,08/04/2021,15:54,500.0,500.0,,,,0.0,0.0,3,YS-N24/65-6500103/2021,I,CASH,,,,,,N24,65,A,,saheli,,
,,431.0,08/04/2021,15:55,500.0,500.0,,,,0.0,0.0,3,YS-N24/65-6500109/2021,I,CASH,,,,,,N24,65,A,,saheli,,
,,432.0,08/04/2021,15:55,500.0,500.0,,,,0.0,0.0,3,YS-N24/65-6500002/2021,I,CASH,,,,,,N24,65,A,,saheli,,
,,433.0,08/04/2021,15:56,500.0,500.0,,,,0.0,0.0,3,YS-N24/65-6500110/2021,I,CASH,,,,,,N24,65,A,,saheli,,
,,434.0,08/04/2021,15:57,500.0,500.0,,,,0.0,0.0,3,YS-N24/65-6500025/2021,I,CASH,,,,,,N24,65,A,,saheli,,
,,435.0,08/04/2021,15:58,500.0,500.0,,,,0.0,0.0,3,YS-N24/65-6500121/2021,I,CASH,,,,,,N24,65,A,,saheli,,
,,436.0,08/04/2021,15:59,500.0,500.0,,,,0.0,0.0,3,YS-N24/65-6500026/2021,I,CASH,,,,,,N24,65,A,,saheli,,
,,437.0,08/04/2021,16:02,500.0,500.0,,,,0.0,0.0,3,YS-N24/65-6500083/2021,I,CASH,,,,,,N24,65,A,,saheli,,
,,438.0,08/04/2021,16:04,500.0,500.0,,,,0.0,0.0,3,YS-N24/65-6500012/2021,I,CASH,,,,,,N24,65,A,,saheli,,
,,439.0,08/04/2021,16:13,500.0,500.0,,,,0.0,0.0,3,YS-N24/65-6500022/2021,I,CASH,,,,,,N24,65,A,,saheli,,
,,440.0,08/04/2021,16:19,500.0,500.0,,,,0.0,0.0,3,YS-N24/65-6500023/2021,I,CASH,,,,,,N24,65,A,,saheli,,
,,441.0,09/04/2021,12:23,500.0,500.0,,,,0.0,0.0,3,YS-N24/65-6500088/2021,I,CASH,,,,,,N24,65,A,,saheli,,
,,442.0,09/04/2021,13:12,500.0,500.0,,,,0.0,0.0,3,YS-N24/65-6500050/2021,I,CASH,,,,,,N24,65,A,,saheli,,
,,443.0,09/04/2021,13:57,500.0,500.0,,,,0.0,0.0,3,YS-N24/65-6500054/2021,I,CASH,,,,,,N24,65,A,,saheli,,
,,444.0,09/04/2021,13:59,500.0,500.0,,,,0.0,0.0,3,YS-N24/65-6500067/2021,I,CASH,,,,,,N24,65,A,,saheli,,
,,445.0,09/04/2021,14:00,500.0,500.0,,,,0.0,0.0,3,YS-N24/65-6500065/2021,I,CASH,,,,,,N24,65,A,,saheli,,
,,446.0,09/04/2021,14:01,500.0,500.0,,,,0.0,0.0,3,YS-N24/65-6500058/2021,I,CASH,,,,,,N24,65,A,,saheli,,
,,447.0,09/04/2021,14:02,500.0,500.0,,,,0.0,0.0,3,YS-N24/65-6500057/2021,I,CASH,,,,,,N24,65,A,,saheli,,
,,448.0,09/04/2021,14:03,500.0,500.0,,,,0.0,0.0,3,YS-N24/65-6500091/2021,I,CASH,,,,,,N24,65,A,,saheli,,
,,449.0,09/04/2021,14:04,500.0,500.0,,,,0.0,0.0,3,YS-N24/65-6500074/2021,I,CASH,,,,,,N24,65,A,,saheli,,
,,450.0,09/04/2021,14:04,500.0,500.0,,,,0.0,0.0,3,YS-N24/65-6500073/2021,I,CASH,,,,,,N24,65,A,,saheli,,
,,451.0,09/04/2021,14:05,500.0,500.0,,,,0.0,0.0,3,YS-N24/65-6500072/2021,I,CASH,,,,,,N24,65,A,,saheli,,
,,452.0,09/04/2021,15:35,500.0,500.0,,,,0.0,0.0,3,YS-N24/65-6500123/2021,I,CASH,,,,,,N24,65,A,,saheli,,
,,453.0,09/04/2021,15:44,500.0,500.0,,,,0.0,0.0,3,YS-N24/65-6500075/2021,I,CASH,,,,,,N24,65,A,,saheli,,
,,454.0,09/04/2021,15:57,500.0,500.0,,,,0.0,0.0,3,YS-N24/65-6500129/2021,I,CASH,,,,,,N24,65,A,,saheli,,
Fin,,455.0,09/04/2021,16:13,530.0,500.0,,,,30.0,30.0,2,YS-N24/65-6500130/2021,I,CASH,,,,,,N24,65,A,,saheli,,
,,456.0,09/04/2021,16:41,500.0,500.0,,,,0.0,0.0,3,YS-N24/65-6500131/2021,I,CASH,,,,,,N24,65,A,,saheli,,
,,457.0,09/04/2021,17:10,500.0,500.0,,,,0.0,0.0,3,YS-N24/65-6500005/2021,I,CASH,,,,,,N24,65,A,,saheli,,
,,458.0,10/04/2021,10:05,500.0,500.0,,,,0.0,0.0,3,YS-N24/65-6500033/2021,I,CASH,,,,,,N24,65,A,,saheli,,
,,459.0,10/04/2021,10:06,500.0,500.0,,,,0.0,0.0,3,YS-N24/65-6500107/2021,I,CASH,,,,,,N24,65,A,,saheli,,
,,460.0,10/04/2021,10:07,500.0,500.0,,,,0.0,0.0,3,YS-N24/65-6500117/2021,I,CASH,,,,,,N24,65,A,,saheli,,
,,461.0,10/04/2021,10:19,500.0,500.0,,,,0.0,0.0,3,YS-N24/65-6500008/2021,I,CASH,,,,,,N24,65,A,,saheli,,
,,462.0,10/04/2021,11:03,500.0,500.0,,,,0.0,0.0,3,YS-N24/65-6500036/2021,I,CASH,,,,,,N24,65,A,,saheli,,
,,463.0,10/04/2021,11:09,500.0,500.0,,,,0.0,0.0,3,YS-N24/65-6500127/2021,I,CASH,,,,,,N24,65,A,,saheli,,
,,464.0,10/04/2021,11:15,500.0,500.0,,,,0.0,0.0,3,YS-N24/65-6500105/2021,I,CASH,,,,,,N24,65,A,,saheli,,
,,465.0,10/04/2021,11:38,500.0,500.0,,,,0.0,0.0,3,YS-N24/65-6500130/2021,I,CASH,,,,,,N24,65,A,,saheli,,
,,466.0,10/04/2021,11:43,500.0,500.0,,,,0.0,0.0,3,YS-N24/65-6500096/2021,I,CASH,,,,,,N24,65,A,,saheli,,
,,467.0,10/04/2021,11:44,500.0,500.0,,,,0.0,0.0,3,YS-N24/65-6500095/2021,I,CASH,,,,,,N24,65,A,,saheli,,
,,468.0,10/04/2021,11:45,500.0,500.0,,,,0.0,0.0,3,YS-N24/65-6500097/2021,I,CASH,,,,,,N24,65,A,,saheli,,
,,469.0,10/04/2021,11:53,500.0,500.0,,,,0.0,0.0,3,YS-N24/65-6500102/2021,I,CASH,,,,,,N24,65,A,,saheli,,
,,470.0,10/04/2021,11:58,600.0,600.0,0.0,,,,,A,YS-N24/65-6500141/2021,A,CASH,,,,,L,N24,65,A,,saheli,,0
,,471.0,10/04/2021,11:59,600.0,600.0,,,,0.0,0.0,1,YS-N24/65-6500141/2021,I,CASH,,,,FINE CONSIDER DUE TO LOCKDOWN.,,N24,65,A,,saheli,,
,,472.0,10/04/2021,12:19,500.0,500.0,,,,0.0,0.0,3,YS-N24/65-6500014/2021,I,CASH,,,,,,N24,65,A,,saheli,,
,,473.0,10/04/2021,17:26,500.0,500.0,,,,0.0,0.0,3,YS-N24/65-6500080/2021,I,CASH,,,,,,N24,65,A,,cic,,
Fin,,474.0,12/04/2021,10:24,505.0,500.0,,,,5.0,2.0,3,YS-N24/65-6500069/2021,I,CASH,,,,,,N24,65,A,,saheli,,
Fin,,475.0,12/04/2021,12:01,505.0,500.0,,,,5.0,2.0,3,YS-N24/65-6500015/2021,I,CASH,,,,,,N24,65,A,,saheli,,
Fin,,476.0,12/04/2021,12:01,505.0,500.0,,,,5.0,2.0,3,YS-N24/65-6500016/2021,I,CASH,,,,,,N24,65,A,,saheli,,
Fin,,477.0,12/04/2021,12:03,505.0,500.0,,,,5.0,2.0,3,YS-N24/65-6500086/2021,I,CASH,,,,,,N24,65,A,,saheli,,
Fin,,478.0,12/04/2021,16:17,505.0,500.0,,,,5.0,2.0,3,YS-N24/65-6500017/2021,I,CASH,,,,,,N24,65,A,,saheli,,
Fin,,479.0,13/04/2021,13:50,505.0,500.0,,,,5.0,3.0,3,YS-N24/65-6500047/2021,I,CASH,,,,,,N24,65,A,,saheli,,
Fin,,480.0,13/04/2021,15:48,505.0,500.0,,,,5.0,3.0,3,YS-N24/65-6500093/2021,I,CASH,,,,,,N24,65,A,,saheli,,
Fin,,481.0,15/04/2021,12:02,505.0,500.0,,,,5.0,5.0,3,YS-N24/65-6500004/2021,I,CASH,,,,,,N24,65,A,,saheli,,
Fin,,482.0,19/04/2021,12:08,510.0,500.0,,,,10.0,9.0,3,YS-N24/65-6500133/2021,I,CASH,,,,,,N24,65,A,,saheli,,
Fin,,483.0,19/04/2021,15:56,510.0,500.0,,,,10.0,9.0,3,YS-N24/65-6500122/2021,I,CASH,,,,,,N24,65,A,,saheli,,
Fin,,484.0,20/04/2021,11:46,510.0,500.0,,,,10.0,10.0,3,YS-N24/65-6500090/2021,I,CASH,,,,,,N24,65,A,,saheli,,
Fin,,485.0,20/04/2021,12:21,510.0,500.0,,,,10.0,10.0,3,YS-N24/65-6500062/2021,I,CASH,,,,,,N24,65,A,,saheli,,
Fin,,486.0,21/04/2021,10:16,515.0,500.0,,,,15.0,11.0,3,YS-N24/65-6500045/2021,I,CASH,,,,,,N24,65,A,,saheli,,
Fin,,487.0,21/04/2021,11:44,515.0,500.0,,,,15.0,11.0,3,YS-N24/65-6500027/2021,I,CASH,,,,,,N24,65,A,,saheli,,
Fin,,488.0,21/04/2021,11:45,515.0,500.0,,,,15.0,11.0,3,YS-N24/65-6500135/2021,I,CASH,,,,,,N24,65,A,,saheli,,
Fin,,489.0,21/04/2021,11:46,515.0,500.0,,,,15.0,11.0,3,YS-N24/65-6500032/2021,I,CASH,,,,,,N24,65,A,,saheli,,
Fin,,490.0,23/04/2021,12:59,515.0,500.0,,,,15.0,13.0,3,YS-N24/65-6500056/2021,I,CASH,,,,,,N24,65,A,,saheli,,
Fin,,491.0,23/04/2021,13:55,515.0,500.0,,,,15.0,13.0,3,YS-N24/65-6500126/2021,I,CASH,,,,,,N24,65,A,,saheli,,
Fin,,492.0,23/04/2021,17:30,1060.0,1000.0,,,,60.0,57.0,23,YS-N24/65-6500124/2021,I,CASH,,,,,,N24,65,A,,saheli,,
Fin,,493.0,23/04/2021,17:31,1060.0,1000.0,,,,60.0,57.0,23,YS-N24/65-6500125/2021,I,CASH,,,,,,N24,65,A,,saheli,,
Fin,,494.0,27/04/2021,15:33,1070.0,1000.0,,,,70.0,65.0,23,YS-N24/65-6500100/2021,I,CASH,,,,,,N24,65,A,,saheli,,
Fin,,495.0,27/04/2021,15:35,520.0,500.0,,,,20.0,17.0,3,YS-N24/65-6500116/2021,I,CASH,,,,,,N24,65,A,,saheli,,
Fin,,496.0,07/05/2021,13:26,530.0,500.0,,,,30.0,27.0,3,YS-N24/65-6500060/2021,I,CASH,,,,,,N24,65,A,,saheli,,
Fin,,497.0,07/05/2021,13:26,530.0,500.0,,,,30.0,27.0,3,YS-N24/65-6500061/2021,I,CASH,,,,,,N24,65,A,,saheli,,
,,498.0,04/09/2021,10:43,500.0,500.0,,,,0.0,0.0,3,YS-N24/65-6500115/2021,I,CASH,,,,DUE TO LOCKDOWN,,N24,65,A,,cic,,
,,499.0,09/09/2021,16:06,500.0,500.0,,,,0.0,0.0,3,YS-N24/65-6500037/2021,I,CASH,,,,DUE TO LOCKDOWN,,N24,65,A,,cic,,
,,500.0,16/09/2021,12:22,500.0,500.0,,,,0.0,0.0,3,YS-N24/65-6500035/2021,I,CASH,,,,DUE TO LOCKDOWN,,N24,65,A,,saikat dey,,
,,501.0,04/10/2021,15:05,500.0,500.0,,,,0.0,0.0,3,YS-N24/65-6500084/2021,I,CASH,,,,DUE TO LOCKDOWN,,N24,65,A,,cic,,
,,502.0,08/10/2021,11:43,1500.0,1500.0,,,,0.0,0.0,123,YS-N24/65-6500112/2021,I,CASH,,,,DUE TO LOCKDOWN,,N24,65,A,,cic,,
,,503.0,08/10/2021,11:48,1500.0,1500.0,,,,0.0,0.0,123,YS-N24/65-6500113/2021,I,CASH,,,,DUE TO LOCKDOWN,,N24,65,A,,cic,,
